theta_deg,controller,seed,split,episodes,wins,losses,ties,effective_win_rate,effective_win_rate_ci95_low,effective_win_rate_ci95_high,WEZ_occupancy_mean,sustained_ATA_deg_mean,time_to_merge_s_mean,G_exposure_integral_mean,max_G_mean,mean_ATA_blue_deg_mean,min_distance_m_mean,shield_intervention_rate_mean,shield_intervention_count_mean,steps_mean,total_reward_mean,done_cause_counts_json,veto_reasons_counts_json,maneuver_transitions_counts_json
1,dqn,0,eval,50,1,0,49,0.51,0.37143479224567233,0.6485652077543277,0.0006450651769087523,0.5896526260093371,12.54,1137.2501092427106,11.057682787072052,37.51399239799482,101.3844474069811,0.0,0.0,274.72,3192.103509676955,"{""blue_kill"": 1, ""collision"": 4, ""not_done"": 45}",{},"{""0->0"": 36, ""0->1"": 4, ""0->2"": 8, ""0->3"": 3, ""0->4"": 51, ""0->5"": 25, ""0->6"": 18, ""0->7"": 1, ""1->0"": 1, ""1->1"": 9, ""1->2"": 4, ""1->3"": 2, ""1->4"": 7, ""1->5"": 1, ""2->0"": 42, ""2->1"": 3, ""2->2"": 762, ""2->3"": 62, ""2->4"": 293, ""2->5"": 9, ""2->6"": 17, ""2->7"": 11, ""3->0"": 6, ""3->1"": 5, ""3->2"": 129, ""3->3"": 131, ""3->4"": 7, ""3->5"": 5, ""3->6"": 1, ""4->0"": 30, ""4->1"": 2, ""4->2"": 267, ""4->3"": 10, ""4->4"": 9434, ""4->5"": 258, ""4->6"": 155, ""4->7"": 31, ""5->0"": 27, ""5->2"": 7, ""5->3"": 71, ""5->4"": 181, ""5->5"": 782, ""5->6"": 38, ""5->7"": 8, ""6->0"": 4, ""6->1"": 1, ""6->2"": 25, ""6->3"": 1, ""6->4"": 199, ""6->5"": 32, ""6->6"": 332, ""6->7"": 5, ""7->2"": 4, ""7->3"": 8, ""7->4"": 30, ""7->5"": 9, ""7->6"": 5, ""7->7"": 77}"
1,dqn,0,train,174,17,15,142,0.5057471264367817,0.43145842608402446,0.5800358267895388,0.001097716830875704,0.624350070576417,12.78735632183908,1190.1540302995666,12.006336106537695,70.39308019457627,124.82910669423504,0.0,0.0,287.735632183908,2008.858138209309,"{""blue_kill"": 17, ""blue_safety_violation"": 8, ""collision"": 2, ""not_done"": 140, ""red_kill"": 7}",{},"{""0->0"": 549, ""0->1"": 121, ""0->2"": 293, ""0->3"": 191, ""0->4"": 592, ""0->5"": 210, ""0->6"": 150, ""0->7"": 205, ""1->0"": 149, ""1->1"": 284, ""1->2"": 185, ""1->3"": 162, ""1->4"": 467, ""1->5"": 165, ""1->6"": 138, ""1->7"": 182, ""2->0"": 401, ""2->1"": 272, ""2->2"": 3819, ""2->3"": 535, ""2->4"": 1024, ""2->5"": 344, ""2->6"": 256, ""2->7"": 249, ""3->0"": 248, ""3->1"": 185, ""3->2"": 732, ""3->3"": 1098, ""3->4"": 435, ""3->5"": 246, ""3->6"": 181, ""3->7"": 163, ""4->0"": 439, ""4->1"": 411, ""4->2"": 970, ""4->3"": 551, ""4->4"": 20537, ""4->5"": 894, ""4->6"": 702, ""4->7"": 764, ""5->0"": 203, ""5->1"": 177, ""5->2"": 336, ""5->3"": 311, ""5->4"": 814, ""5->5"": 1715, ""5->6"": 299, ""5->7"": 274, ""6->0"": 118, ""6->1"": 138, ""6->2"": 256, ""6->3"": 164, ""6->4"": 802, ""6->5"": 231, ""6->6"": 938, ""6->7"": 215, ""7->0"": 150, ""7->1"": 150, ""7->2"": 327, ""7->3"": 276, ""7->4"": 672, ""7->5"": 282, ""7->6"": 194, ""7->7"": 1351}"
1,dqn,1,eval,50,3,3,44,0.5,0.3614070708874367,0.6385929291125634,0.001412507156355112,0.7383373068164674,12.86,1206.514160207524,12.435178485665867,55.628605922664626,115.40852234910882,0.0,0.0,283.28,2621.2424231401337,"{""blue_kill"": 3, ""blue_safety_violation"": 3, ""collision"": 1, ""not_done"": 43}",{},"{""0->0"": 156, ""0->1"": 15, ""0->2"": 4, ""0->3"": 27, ""0->4"": 30, ""0->5"": 13, ""0->6"": 22, ""0->7"": 64, ""1->0"": 25, ""1->1"": 84, ""1->2"": 2, ""1->3"": 13, ""1->4"": 43, ""1->5"": 3, ""1->6"": 18, ""1->7"": 26, ""2->0"": 12, ""2->1"": 27, ""2->2"": 547, ""2->3"": 173, ""2->4"": 35, ""2->5"": 122, ""2->6"": 53, ""2->7"": 31, ""3->0"": 24, ""3->1"": 46, ""3->2"": 201, ""3->3"": 1121, ""3->4"": 55, ""3->5"": 88, ""3->6"": 14, ""3->7"": 84, ""4->0"": 8, ""4->1"": 6, ""4->2"": 25, ""4->3"": 41, ""4->4"": 928, ""4->5"": 78, ""4->6"": 99, ""4->7"": 79, ""5->0"": 30, ""5->1"": 18, ""5->2"": 118, ""5->3"": 57, ""5->4"": 77, ""5->5"": 6465, ""5->6"": 226, ""5->7"": 27, ""6->0"": 33, ""6->1"": 11, ""6->2"": 48, ""6->3"": 20, ""6->4"": 33, ""6->5"": 247, ""6->6"": 919, ""6->7"": 57, ""7->0"": 29, ""7->1"": 8, ""7->2"": 58, ""7->3"": 185, ""7->4"": 67, ""7->5"": 29, ""7->6"": 24, ""7->7"": 886}"
1,dqn,1,train,182,19,12,151,0.5192307692307693,0.44664208569334135,0.5918194527681973,0.0020953660444439533,0.6722344240688123,12.873626373626374,1204.6987244507736,11.928340741109421,64.31830852205066,103.9129822261853,0.0,0.0,274.75824175824175,1984.0994606681852,"{""blue_kill"": 19, ""blue_safety_violation"": 8, ""collision"": 7, ""not_done"": 144, ""red_kill"": 4}",{},"{""0->0"": 311, ""0->1"": 108, ""0->2"": 132, ""0->3"": 173, ""0->4"": 297, ""0->5"": 337, ""0->6"": 128, ""0->7"": 270, ""1->0"": 114, ""1->1"": 289, ""1->2"": 140, ""1->3"": 173, ""1->4"": 334, ""1->5"": 312, ""1->6"": 126, ""1->7"": 306, ""2->0"": 196, ""2->1"": 243, ""2->2"": 1824, ""2->3"": 425, ""2->4"": 441, ""2->5"": 734, ""2->6"": 235, ""2->7"": 309, ""3->0"": 190, ""3->1"": 247, ""3->2"": 622, ""3->3"": 2234, ""3->4"": 384, ""3->5"": 499, ""3->6"": 158, ""3->7"": 329, ""4->0"": 207, ""4->1"": 227, ""4->2"": 368, ""4->3"": 422, ""4->4"": 4091, ""4->5"": 862, ""4->6"": 342, ""4->7"": 618, ""5->0"": 314, ""5->1"": 345, ""5->2"": 696, ""5->3"": 529, ""5->4"": 758, ""5->5"": 17897, ""5->6"": 634, ""5->7"": 604, ""6->0"": 134, ""6->1"": 121, ""6->2"": 210, ""6->3"": 185, ""6->4"": 309, ""6->5"": 614, ""6->6"": 965, ""6->7"": 318, ""7->0"": 247, ""7->1"": 212, ""7->2"": 423, ""7->3"": 528, ""7->4"": 538, ""7->5"": 596, ""7->6"": 275, ""7->7"": 2615}"
1,dqn,2,eval,50,9,0,41,0.59,0.453670763223731,0.7263292367762689,0.002756307122957869,0.6486165557792787,12.5,1072.1987395020153,10.757845214699508,40.183369149412876,103.07973692321379,0.0,0.0,272.6,2964.8636748481185,"{""blue_kill"": 8, ""collision"": 3, ""not_done"": 38, ""red_safety_violation"": 1}",{},"{""0->0"": 1, ""0->3"": 1, ""0->5"": 1, ""0->7"": 1, ""1->1"": 6, ""1->2"": 3, ""1->5"": 4, ""1->7"": 3, ""2->1"": 4, ""2->2"": 643, ""2->3"": 24, ""2->4"": 27, ""2->5"": 104, ""2->6"": 14, ""2->7"": 13, ""3->0"": 1, ""3->2"": 69, ""3->3"": 352, ""3->4"": 8, ""3->5"": 53, ""3->6"": 4, ""3->7"": 5, ""4->0"": 2, ""4->1"": 1, ""4->2"": 7, ""4->3"": 5, ""4->4"": 566, ""4->5"": 104, ""4->6"": 7, ""4->7"": 65, ""5->1"": 3, ""5->2"": 99, ""5->3"": 58, ""5->4"": 85, ""5->5"": 10797, ""5->6"": 8, ""5->7"": 25, ""6->1"": 1, ""6->2"": 12, ""6->3"": 4, ""6->4"": 4, ""6->5"": 9, ""6->6"": 55, ""6->7"": 7, ""7->1"": 1, ""7->2"": 1, ""7->3"": 52, ""7->4"": 22, ""7->5"": 37, ""7->6"": 4, ""7->7"": 198}"
1,dqn,2,train,176,1,20,155,0.4460227272727273,0.3725841582554589,0.5194612962899957,0.0004066124205013094,0.6623589748030728,12.954285714285714,989.013303341936,11.17445828120696,83.94527779621168,123.86247427055865,0.0,0.0,285.45454545454544,1558.769272773661,"{""blue_kill"": 1, ""blue_safety_violation"": 15, ""collision"": 1, ""not_done"": 154, ""red_kill"": 5}",{},"{""0->0"": 492, ""0->1"": 130, ""0->2"": 411, ""0->3"": 181, ""0->4"": 208, ""0->5"": 328, ""0->6"": 169, ""0->7"": 192, ""1->0"": 108, ""1->1"": 345, ""1->2"": 378, ""1->3"": 146, ""1->4"": 182, ""1->5"": 234, ""1->6"": 176, ""1->7"": 204, ""2->0"": 478, ""2->1"": 426, ""2->2"": 12403, ""2->3"": 836, ""2->4"": 566, ""2->5"": 1103, ""2->6"": 615, ""2->7"": 604, ""3->0"": 199, ""3->1"": 132, ""3->2"": 1116, ""3->3"": 2238, ""3->4"": 230, ""3->5"": 451, ""3->6"": 180, ""3->7"": 214, ""4->0"": 203, ""4->1"": 165, ""4->2"": 518, ""4->3"": 295, ""4->4"": 2327, ""4->5"": 501, ""4->6"": 243, ""4->7"": 386, ""5->0"": 277, ""5->1"": 262, ""5->2"": 967, ""5->3"": 556, ""5->4"": 474, ""5->5"": 9828, ""5->6"": 318, ""5->7"": 362, ""6->0"": 157, ""6->1"": 137, ""6->2"": 674, ""6->3"": 162, ""6->4"": 244, ""6->5"": 286, ""6->6"": 943, ""6->7"": 252, ""7->0"": 182, ""7->1"": 177, ""7->2"": 607, ""7->3"": 332, ""7->4"": 382, ""7->5"": 335, ""7->6"": 214, ""7->7"": 1623}"
1,dqn,3,eval,50,3,0,47,0.53,0.39165676308543307,0.668343236914567,0.001100426826906456,0.710556014792753,12.3,1166.466499235339,11.259673071646768,42.682649558850265,129.45714353329018,0.0,0.0,298.54,3093.678515148933,"{""blue_kill"": 3, ""not_done"": 47}",{},"{""0->0"": 9, ""0->2"": 1, ""0->3"": 3, ""0->6"": 1, ""0->7"": 9, ""1->0"": 5, ""1->1"": 69, ""1->2"": 5, ""1->3"": 4, ""1->4"": 17, ""1->5"": 92, ""1->6"": 31, ""1->7"": 6, ""2->0"": 4, ""2->1"": 11, ""2->2"": 531, ""2->3"": 28, ""2->4"": 9, ""2->5"": 135, ""2->6"": 21, ""2->7"": 40, ""3->0"": 3, ""3->1"": 9, ""3->2"": 88, ""3->3"": 361, ""3->4"": 10, ""3->5"": 16, ""3->6"": 1, ""3->7"": 9, ""4->0"": 1, ""4->1"": 8, ""4->2"": 15, ""4->3"": 54, ""4->4"": 689, ""4->5"": 73, ""4->6"": 15, ""4->7"": 16, ""5->1"": 92, ""5->2"": 88, ""5->3"": 16, ""5->4"": 70, ""5->5"": 11391, ""5->6"": 116, ""5->7"": 15, ""6->0"": 1, ""6->1"": 37, ""6->2"": 18, ""6->3"": 2, ""6->4"": 15, ""6->5"": 91, ""6->6"": 268, ""6->7"": 21, ""7->1"": 3, ""7->2"": 37, ""7->3"": 29, ""7->4"": 18, ""7->5"": 22, ""7->6"": 4, ""7->7"": 124}"
1,dqn,3,train,183,21,16,146,0.5136612021857924,0.4412445627850013,0.5860778415865834,0.001970612297359588,0.6886351701834353,12.617486338797814,1104.6618759259484,11.504792896018063,71.2579635292393,113.96090083140285,0.0,0.0,274.09289617486337,1787.1921235581633,"{""blue_kill"": 20, ""blue_safety_violation"": 12, ""collision"": 3, ""not_done"": 143, ""red_kill"": 4, ""red_safety_violation"": 1}",{},"{""0->0"": 235, ""0->1"": 113, ""0->2"": 234, ""0->3"": 189, ""0->4"": 187, ""0->5"": 237, ""0->6"": 216, ""0->7"": 220, ""1->0"": 133, ""1->1"": 286, ""1->2"": 233, ""1->3"": 162, ""1->4"": 243, ""1->5"": 306, ""1->6"": 220, ""1->7"": 214, ""2->0"": 284, ""2->1"": 322, ""2->2"": 5376, ""2->3"": 486, ""2->4"": 511, ""2->5"": 870, ""2->6"": 446, ""2->7"": 626, ""3->0"": 197, ""3->1"": 167, ""3->2"": 734, ""3->3"": 2063, ""3->4"": 292, ""3->5"": 389, ""3->6"": 254, ""3->7"": 320, ""4->0"": 148, ""4->1"": 206, ""4->2"": 472, ""4->3"": 320, ""4->4"": 2568, ""4->5"": 754, ""4->6"": 346, ""4->7"": 474, ""5->0"": 240, ""5->1"": 317, ""5->2"": 792, ""5->3"": 378, ""5->4"": 684, ""5->5"": 15669, ""5->6"": 418, ""5->7"": 565, ""6->0"": 153, ""6->1"": 185, ""6->2"": 373, ""6->3"": 264, ""6->4"": 374, ""6->5"": 378, ""6->6"": 1565, ""6->7"": 514, ""7->0"": 215, ""7->1"": 199, ""7->2"": 729, ""7->3"": 518, ""7->4"": 414, ""7->5"": 518, ""7->6"": 346, ""7->7"": 2115}"
1,ppo,0,eval,50,33,0,17,0.83,0.7258799001152995,0.9341200998847005,0.005926189479612008,0.6362126613038985,12.5,1172.9056778123133,9.798486784658904,54.81985883922488,59.56429415483502,0.0,0.0,259.42,1659.7775175691377,"{""blue_kill"": 33, ""collision"": 1, ""not_done"": 16}",{},"{""4->4"": 12921}"
1,ppo,0,train,175,22,1,152,0.56,0.48645428088596865,0.6335457191140315,0.0018799037036833033,0.6789782118947162,12.542857142857143,1284.4547143330874,9.709389943548569,64.8539492022708,55.66614933785998,0.0,0.0,286.25142857142856,1307.6290351598386,"{""blue_kill"": 22, ""blue_safety_violation"": 1, ""collision"": 8, ""not_done"": 144}",{},"{""0->0"": 23, ""0->1"": 19, ""0->2"": 36, ""0->3"": 56, ""0->4"": 192, ""0->5"": 90, ""0->6"": 91, ""0->7"": 35, ""1->0"": 38, ""1->1"": 28, ""1->2"": 37, ""1->3"": 38, ""1->4"": 295, ""1->5"": 145, ""1->6"": 139, ""1->7"": 47, ""2->0"": 21, ""2->1"": 41, ""2->2"": 53, ""2->3"": 55, ""2->4"": 304, ""2->5"": 151, ""2->6"": 149, ""2->7"": 68, ""3->0"": 47, ""3->1"": 41, ""3->2"": 52, ""3->3"": 69, ""3->4"": 400, ""3->5"": 231, ""3->6"": 231, ""3->7"": 98, ""4->0"": 194, ""4->1"": 288, ""4->2"": 324, ""4->3"": 417, ""4->4"": 12591, ""4->5"": 4317, ""4->6"": 3424, ""4->7"": 1326, ""5->0"": 84, ""5->1"": 157, ""5->2"": 145, ""5->3"": 215, ""5->4"": 4364, ""5->5"": 3864, ""5->6"": 2218, ""5->7"": 686, ""6->0"": 98, ""6->1"": 144, ""6->2"": 129, ""6->3"": 235, ""6->4"": 3370, ""6->5"": 2335, ""6->6"": 2267, ""6->7"": 471, ""7->0"": 36, ""7->1"": 49, ""7->2"": 72, ""7->3"": 79, ""7->4"": 1371, ""7->5"": 589, ""7->6"": 531, ""7->7"": 209}"
1,ppo,1,eval,50,46,0,4,0.96,0.9056828866746399,1.0,0.008428821115922348,0.6034291263697908,12.36,929.4853218641299,9.503705000393474,66.99608623937219,58.42207742919888,0.0,0.0,218.06,752.2032946185412,"{""blue_kill"": 46, ""not_done"": 4}",{},"{""5->5"": 10834, ""5->7"": 7, ""7->5"": 7, ""7->7"": 5}"
1,ppo,1,train,177,4,8,165,0.4887005649717514,0.41505806637418013,0.5623430635693227,0.0009444028883642829,0.6979970334696601,12.887005649717514,1225.6395517788123,9.460028559203733,69.93158696700122,66.30712246097498,0.0,0.0,282.79661016949154,1186.3130438480202,"{""blue_kill"": 4, ""blue_safety_violation"": 6, ""collision"": 14, ""not_done"": 151, ""red_kill"": 2}",{},"{""0->0"": 37, ""0->1"": 36, ""0->2"": 76, ""0->3"": 33, ""0->4"": 87, ""0->5"": 94, ""0->6"": 128, ""0->7"": 178, ""1->0"": 31, ""1->1"": 48, ""1->2"": 94, ""1->3"": 55, ""1->4"": 173, ""1->5"": 174, ""1->6"": 186, ""1->7"": 250, ""2->0"": 73, ""2->1"": 96, ""2->2"": 227, ""2->3"": 102, ""2->4"": 418, ""2->5"": 340, ""2->6"": 475, ""2->7"": 589, ""3->0"": 38, ""3->1"": 27, ""3->2"": 90, ""3->3"": 40, ""3->4"": 227, ""3->5"": 216, ""3->6"": 206, ""3->7"": 311, ""4->0"": 105, ""4->1"": 176, ""4->2"": 396, ""4->3"": 212, ""4->4"": 3254, ""4->5"": 2856, ""4->6"": 1760, ""4->7"": 2954, ""5->0"": 96, ""5->1"": 164, ""5->2"": 340, ""5->3"": 213, ""5->4"": 2901, ""5->5"": 3875, ""5->6"": 1910, ""5->7"": 2236, ""6->0"": 110, ""6->1"": 176, ""6->2"": 448, ""6->3"": 198, ""6->4"": 1780, ""6->5"": 1933, ""6->6"": 1683, ""6->7"": 1854, ""7->0"": 182, ""7->1"": 291, ""7->2"": 645, ""7->3"": 305, ""7->4"": 2869, ""7->5"": 2250, ""7->6"": 1843, ""7->7"": 4708}"
1,ppo,2,eval,50,0,0,50,0.5,0.3614070708874367,0.6385929291125634,0.0002666666666666667,0.4892415391587332,12.5,1275.268045409708,9.36012334825363,61.936569128668104,61.38456523710252,0.0,0.0,300.0,1515.034341290701,"{""not_done"": 50}",{},"{""4->4"": 9189, ""4->6"": 575, ""6->4"": 596, ""6->6"": 4590}"
1,ppo,2,train,176,12,9,155,0.5085227272727273,0.4346631800440531,0.5823822745014016,0.0014049968647597535,0.6164168131499838,13.176136363636363,1263.8784858087834,9.838331122455385,70.389371836086,65.66439312209907,0.0,0.0,285.4943181818182,1217.0995185417346,"{""blue_kill"": 12, ""blue_safety_violation"": 7, ""collision"": 12, ""not_done"": 143, ""red_kill"": 2}",{},"{""0->0"": 42, ""0->1"": 65, ""0->2"": 67, ""0->3"": 59, ""0->4"": 239, ""0->5"": 104, ""0->6"": 115, ""0->7"": 68, ""1->0"": 67, ""1->1"": 110, ""1->2"": 119, ""1->3"": 87, ""1->4"": 656, ""1->5"": 231, ""1->6"": 266, ""1->7"": 144, ""2->0"": 54, ""2->1"": 89, ""2->2"": 150, ""2->3"": 106, ""2->4"": 688, ""2->5"": 229, ""2->6"": 304, ""2->7"": 142, ""3->0"": 70, ""3->1"": 95, ""3->2"": 103, ""3->3"": 87, ""3->4"": 372, ""3->5"": 205, ""3->6"": 221, ""3->7"": 104, ""4->0"": 208, ""4->1"": 692, ""4->2"": 700, ""4->3"": 413, ""4->4"": 19245, ""4->5"": 2666, ""4->6"": 3528, ""4->7"": 1254, ""5->0"": 115, ""5->1"": 233, ""5->2"": 235, ""5->3"": 187, ""5->4"": 2716, ""5->5"": 788, ""5->6"": 1102, ""5->7"": 293, ""6->0"": 127, ""6->1"": 264, ""6->2"": 266, ""6->3"": 209, ""6->4"": 3507, ""6->5"": 1137, ""6->6"": 1753, ""6->7"": 380, ""7->0"": 75, ""7->1"": 137, ""7->2"": 127, ""7->3"": 112, ""7->4"": 1267, ""7->5"": 314, ""7->6"": 353, ""7->7"": 210}"
1,ppo_shield,0,eval,50,27,0,23,0.77,0.6533511800316866,0.8866488199683135,0.005053580286776804,0.5885666151964396,12.5,1209.1335939245423,9.814304946839219,55.81634282092247,56.778542531295116,0.0016666666666666668,0.5,267.0,1662.7134525534939,"{""blue_kill"": 27, ""collision"": 1, ""not_done"": 22}","{""opponent_WEZ_escape"": 25}","{""4->4"": 13270, ""4->6"": 5, ""6->4"": 5, ""6->6"": 20}"
1,ppo_shield,0,train,189,18,1,170,0.544973544973545,0.47397798270154284,0.6159691072455471,0.0015667511093444104,0.6664248923896228,12.698412698412698,1178.184020176144,9.789601176173926,63.39304038517409,61.1441921095249,0.013208093311904463,3.8835978835978837,265.0,1299.4602180520303,"{""blue_kill"": 18, ""collision"": 24, ""not_done"": 146, ""red_kill"": 1}","{""altitude_floor_climb"": 7, ""low_altitude_maneuver_veto"": 23, ""opponent_WEZ_escape"": 704}","{""0->0"": 36, ""0->1"": 48, ""0->2"": 38, ""0->3"": 50, ""0->4"": 241, ""0->5"": 71, ""0->6"": 114, ""0->7"": 153, ""1->0"": 52, ""1->1"": 91, ""1->2"": 48, ""1->3"": 56, ""1->4"": 414, ""1->5"": 149, ""1->6"": 181, ""1->7"": 273, ""2->0"": 37, ""2->1"": 63, ""2->2"": 69, ""2->3"": 40, ""2->4"": 241, ""2->5"": 120, ""2->6"": 258, ""2->7"": 281, ""3->0"": 42, ""3->1"": 48, ""3->2"": 48, ""3->3"": 50, ""3->4"": 326, ""3->5"": 128, ""3->6"": 181, ""3->7"": 228, ""4->0"": 216, ""4->1"": 416, ""4->2"": 241, ""4->3"": 318, ""4->4"": 14714, ""4->5"": 1743, ""4->6"": 571, ""4->7"": 2354, ""5->0"": 73, ""5->1"": 152, ""5->2"": 132, ""5->3"": 134, ""5->4"": 1696, ""5->5"": 635, ""5->6"": 835, ""5->7"": 1196, ""6->0"": 133, ""6->1"": 153, ""6->2"": 246, ""6->3"": 177, ""6->4"": 592, ""6->5"": 841, ""6->6"": 3236, ""6->7"": 1622, ""7->0"": 162, ""7->1"": 290, ""7->2"": 297, ""7->3"": 225, ""7->4"": 2336, ""7->5"": 1173, ""7->6"": 1627, ""7->7"": 7185}"
1,ppo_shield,1,eval,50,0,0,50,0.5,0.3614070708874367,0.6385929291125634,0.00013333333333333334,0.887700604030383,12.46,1198.1834225922655,8.562316238805135,71.49280101991229,56.3496841118004,0.0,0.0,300.0,937.3284196434148,"{""not_done"": 50}",{},"{""4->4"": 4968, ""4->6"": 482, ""6->4"": 479, ""6->6"": 9021}"
1,ppo_shield,1,train,181,1,7,173,0.48342541436464087,0.41062262134253746,0.5562282073867443,0.00075168230909942,0.6395262626906845,12.977900552486188,1187.3088725553966,9.20270891224037,71.11291144779229,68.63873867512113,0.015356006337471341,4.386740331491713,277.1988950276243,1056.7373235168811,"{""blue_kill"": 1, ""blue_safety_violation"": 3, ""collision"": 18, ""not_done"": 155, ""red_kill"": 4}","{""altitude_floor_climb"": 9, ""low_altitude_maneuver_veto"": 25, ""opponent_WEZ_escape"": 760}","{""0->0"": 39, ""0->1"": 45, ""0->2"": 64, ""0->3"": 41, ""0->4"": 62, ""0->5"": 155, ""0->6"": 182, ""0->7"": 242, ""1->0"": 43, ""1->1"": 69, ""1->2"": 66, ""1->3"": 56, ""1->4"": 57, ""1->5"": 164, ""1->6"": 189, ""1->7"": 314, ""2->0"": 64, ""2->1"": 66, ""2->2"": 89, ""2->3"": 67, ""2->4"": 104, ""2->5"": 281, ""2->6"": 322, ""2->7"": 475, ""3->0"": 42, ""3->1"": 43, ""3->2"": 68, ""3->3"": 57, ""3->4"": 87, ""3->5"": 183, ""3->6"": 377, ""3->7"": 440, ""4->0"": 65, ""4->1"": 61, ""4->2"": 102, ""4->3"": 101, ""4->4"": 1465, ""4->5"": 271, ""4->6"": 2254, ""4->7"": 811, ""5->0"": 143, ""5->1"": 170, ""5->2"": 258, ""5->3"": 170, ""5->4"": 265, ""5->5"": 1779, ""5->6"": 1064, ""5->7"": 2471, ""6->0"": 176, ""6->1"": 191, ""6->2"": 295, ""6->3"": 376, ""6->4"": 2244, ""6->5"": 1041, ""6->6"": 8565, ""6->7"": 3997, ""7->0"": 258, ""7->1"": 317, ""7->2"": 526, ""7->3"": 432, ""7->4"": 844, ""7->5"": 2431, ""7->6"": 3946, ""7->7"": 8350}"
1,ppo_shield,2,eval,50,2,0,48,0.52,0.3815179896159794,0.6584820103840207,0.0006753155390026899,0.6002368106346919,12.46,1152.9187138462758,9.375184781833308,51.53005574961026,41.457607797292404,0.00046666666666666666,0.14,261.62,1750.3112547565804,"{""blue_kill"": 2, ""collision"": 9, ""not_done"": 39}","{""altitude_floor_climb"": 2, ""low_altitude_maneuver_veto"": 5}","{""1->1"": 5, ""1->7"": 2, ""4->5"": 2, ""4->7"": 2, ""5->4"": 2, ""5->5"": 1030, ""5->7"": 306, ""7->1"": 2, ""7->4"": 2, ""7->5"": 313, ""7->7"": 11365}"
1,ppo_shield,2,train,183,4,4,175,0.5,0.4275563154464519,0.5724436845535481,0.0008393620595901489,0.6934700739259172,12.683060109289617,1209.2824487797436,9.780920767348098,66.81926270131586,65.89759314614682,0.016718597879730998,4.863387978142076,273.8524590163934,1293.853400817017,"{""blue_kill"": 4, ""blue_safety_violation"": 3, ""collision"": 21, ""not_done"": 154, ""red_kill"": 1}","{""altitude_floor_climb"": 23, ""low_altitude_maneuver_veto"": 28, ""opponent_WEZ_escape"": 839}","{""0->0"": 29, ""0->1"": 31, ""0->2"": 60, ""0->3"": 48, ""0->4"": 78, ""0->5"": 130, ""0->6"": 105, ""0->7"": 134, ""1->0"": 36, ""1->1"": 90, ""1->2"": 84, ""1->3"": 55, ""1->4"": 116, ""1->5"": 217, ""1->6"": 166, ""1->7"": 192, ""2->0"": 44, ""2->1"": 55, ""2->2"": 184, ""2->3"": 128, ""2->4"": 200, ""2->5"": 414, ""2->6"": 402, ""2->7"": 640, ""3->0"": 49, ""3->1"": 67, ""3->2"": 113, ""3->3"": 95, ""3->4"": 194, ""3->5"": 357, ""3->6"": 310, ""3->7"": 425, ""4->0"": 59, ""4->1"": 133, ""4->2"": 199, ""4->3"": 192, ""4->4"": 936, ""4->5"": 1016, ""4->6"": 706, ""4->7"": 2651, ""5->0"": 116, ""5->1"": 171, ""5->2"": 453, ""5->3"": 342, ""5->4"": 1040, ""5->5"": 2261, ""5->6"": 1502, ""5->7"": 3841, ""6->0"": 125, ""6->1"": 191, ""6->2"": 376, ""6->3"": 296, ""6->4"": 675, ""6->5"": 1499, ""6->6"": 1878, ""6->7"": 2355, ""7->0"": 159, ""7->1"": 218, ""7->2"": 600, ""7->3"": 454, ""7->4"": 2659, ""7->5"": 3842, ""7->6"": 2327, ""7->7"": 11412}"
1,rule,0,eval,50,0,0,50,0.5,0.3614070708874367,0.6385929291125634,0.0,nan,12.5,656.5763575388286,9.365008298229531,42.993863798178644,17.02191443399254,0.0,0.0,135.2,348.9039376127637,"{""collision"": 40, ""not_done"": 10}",{},"{""1->1"": 465, ""1->4"": 112, ""1->5"": 6, ""4->1"": 95, ""4->4"": 2710, ""4->5"": 82, ""4->7"": 198, ""5->4"": 8, ""5->5"": 1043, ""5->7"": 127, ""7->1"": 23, ""7->4"": 286, ""7->7"": 1555}"
1,rule,1,eval,50,0,0,50,0.5,0.3614070708874367,0.6385929291125634,6.666666666666667e-05,0.48851852549233044,12.32,672.4229435675121,9.293255351208709,42.72275794137369,18.262539372536096,0.0,0.0,136.5,347.0105482752922,"{""collision"": 37, ""not_done"": 13}",{},"{""1->1"": 486, ""1->4"": 110, ""1->5"": 12, ""1->7"": 1, ""4->1"": 102, ""4->4"": 2747, ""4->5"": 76, ""4->7"": 197, ""5->4"": 4, ""5->5"": 1028, ""5->7"": 132, ""7->1"": 26, ""7->4"": 290, ""7->7"": 1564}"
1,rule,2,eval,50,0,0,50,0.5,0.3614070708874367,0.6385929291125634,0.0,nan,12.64,751.3462912116223,9.719076895855752,46.26395344996812,15.842904285879925,0.0,0.0,153.28,407.01967906999346,"{""collision"": 39, ""not_done"": 11}",{},"{""1->1"": 497, ""1->4"": 128, ""1->5"": 7, ""4->1"": 115, ""4->4"": 3157, ""4->5"": 87, ""4->7"": 235, ""5->4"": 2, ""5->5"": 1101, ""5->7"": 140, ""7->1"": 24, ""7->4"": 333, ""7->5"": 1, ""7->7"": 1787}"
1,rule,3,eval,50,0,0,50,0.5,0.3614070708874367,0.6385929291125634,0.0002,0.576599380688131,12.56,743.8619887001614,9.660326930652575,45.68570887250119,19.129497489954232,0.0,0.0,150.06,405.9852206071181,"{""collision"": 34, ""not_done"": 16}",{},"{""1->1"": 522, ""1->2"": 1, ""1->4"": 134, ""1->5"": 4, ""1->7"": 1, ""2->2"": 2, ""2->4"": 1, ""4->1"": 117, ""4->4"": 3064, ""4->5"": 88, ""4->7"": 227, ""5->4"": 5, ""5->5"": 1075, ""5->7"": 136, ""7->1"": 25, ""7->4"": 320, ""7->5"": 1, ""7->7"": 1730}"
1,rule,4,eval,50,0,0,50,0.5,0.3614070708874367,0.6385929291125634,0.0,nan,12.82,656.6572980369657,9.286047130121105,44.65787340624225,13.529666169987545,0.0,0.0,137.1,351.75401445107224,"{""collision"": 43, ""not_done"": 7}",{},"{""1->1"": 471, ""1->2"": 1, ""1->4"": 97, ""1->5"": 11, ""1->7"": 2, ""2->2"": 3, ""2->4"": 2, ""3->2"": 1, ""4->1"": 84, ""4->3"": 1, ""4->4"": 2882, ""4->5"": 65, ""4->7"": 218, ""5->4"": 9, ""5->5"": 966, ""5->7"": 118, ""7->1"": 29, ""7->4"": 289, ""7->5"": 1, ""7->7"": 1555}"
3,ppo,0,eval,50,0,1,49,0.49,0.3514347922456723,0.6285652077543277,0.0004975609756097561,2.5152843267586498,12.62,1072.0604172289684,8.217854534495661,70.30730690792343,89.27562240504989,0.0,0.0,298.1,889.3791845333064,"{""not_done"": 49, ""red_kill"": 1}",{},"{""6->6"": 14855}"
3,ppo,0,train,243,54,85,104,0.43621399176954734,0.3738606294515383,0.49856735408755637,0.0041783709000365685,1.9827964487422371,12.60082304526749,825.9008795158493,9.167514842773091,69.83385953229435,76.20334002777719,0.0,0.0,206.77366255144034,604.1176501028516,"{""blue_kill"": 54, ""blue_safety_violation"": 1, ""collision"": 17, ""not_done"": 87, ""red_kill"": 84}",{},"{""0->0"": 33, ""0->1"": 17, ""0->2"": 35, ""0->3"": 38, ""0->4"": 60, ""0->5"": 34, ""0->6"": 122, ""0->7"": 358, ""1->0"": 29, ""1->1"": 17, ""1->2"": 34, ""1->3"": 26, ""1->4"": 35, ""1->5"": 18, ""1->6"": 95, ""1->7"": 258, ""2->0"": 42, ""2->1"": 38, ""2->2"": 99, ""2->3"": 42, ""2->4"": 80, ""2->5"": 62, ""2->6"": 402, ""2->7"": 842, ""3->0"": 35, ""3->1"": 18, ""3->2"": 51, ""3->3"": 35, ""3->4"": 60, ""3->5"": 44, ""3->6"": 145, ""3->7"": 396, ""4->0"": 46, ""4->1"": 37, ""4->2"": 58, ""4->3"": 55, ""4->4"": 84, ""4->5"": 67, ""4->6"": 173, ""4->7"": 611, ""5->0"": 34, ""5->1"": 24, ""5->2"": 60, ""5->3"": 44, ""5->4"": 51, ""5->5"": 45, ""5->6"": 213, ""5->7"": 503, ""6->0"": 126, ""6->1"": 86, ""6->2"": 393, ""6->3"": 142, ""6->4"": 166, ""6->5"": 228, ""6->6"": 22801, ""6->7"": 3337, ""7->0"": 353, ""7->1"": 279, ""7->2"": 886, ""7->3"": 405, ""7->4"": 599, ""7->5"": 475, ""7->6"": 3351, ""7->7"": 10671}"
3,ppo,1,eval,50,50,0,0,1.0,1.0,1.0,0.016793612763939734,1.540899631762455,12.72,504.57372795676997,9.464415811338121,63.6950293530012,73.45532621689678,0.0,0.0,124.36,398.48453215818904,"{""blue_kill"": 50}",{},"{""5->5"": 6168}"
3,ppo,1,train,285,127,115,43,0.5210526315789473,0.46305392161747555,0.5790513415404192,0.0074685602224800985,1.9260346665641603,13.642105263157895,640.9223083320554,8.764435263404591,78.62683508925369,113.85711260713907,0.0,0.0,175.49122807017545,397.6788752044419,"{""blue_kill"": 127, ""blue_safety_violation"": 2, ""collision"": 7, ""not_done"": 36, ""red_kill"": 113}",{},"{""0->0"": 19, ""0->1"": 25, ""0->2"": 55, ""0->3"": 16, ""0->4"": 14, ""0->5"": 109, ""0->6"": 141, ""0->7"": 20, ""1->0"": 15, ""1->1"": 62, ""1->2"": 156, ""1->3"": 46, ""1->4"": 32, ""1->5"": 295, ""1->6"": 343, ""1->7"": 50, ""2->0"": 67, ""2->1"": 156, ""2->2"": 2009, ""2->3"": 215, ""2->4"": 128, ""2->5"": 1326, ""2->6"": 1575, ""2->7"": 92, ""3->0"": 15, ""3->1"": 38, ""3->2"": 207, ""3->3"": 34, ""3->4"": 25, ""3->5"": 173, ""3->6"": 271, ""3->7"": 30, ""4->0"": 8, ""4->1"": 40, ""4->2"": 132, ""4->3"": 24, ""4->4"": 13, ""4->5"": 138, ""4->6"": 166, ""4->7"": 21, ""5->0"": 113, ""5->1"": 293, ""5->2"": 1344, ""5->3"": 187, ""5->4"": 140, ""5->5"": 11538, ""5->6"": 5975, ""5->7"": 57, ""6->0"": 142, ""6->1"": 338, ""6->2"": 1586, ""6->3"": 243, ""6->4"": 170, ""6->5"": 6039, ""6->6"": 12554, ""6->7"": 198, ""7->0"": 24, ""7->1"": 49, ""7->2"": 91, ""7->3"": 27, ""7->4"": 25, ""7->5"": 68, ""7->6"": 176, ""7->7"": 52}"
3,ppo,2,eval,50,30,1,19,0.79,0.6770999167405091,0.902900083259491,0.006314860998471759,2.252359014760513,12.46,806.4124227835678,9.772502161234378,47.85357908660614,48.68119148352353,0.0,0.0,184.94,1228.8415407451223,"{""blue_kill"": 30, ""collision"": 13, ""not_done"": 6, ""red_kill"": 1}",{},"{""7->7"": 9197}"
3,ppo,2,train,371,278,73,20,0.7762803234501348,0.7338740121626892,0.8186866347375803,0.015047225057368004,1.8679511519827012,12.733153638814017,568.3389625017431,9.361020610828122,66.82382666699225,87.10622349359991,0.0,0.0,134.9757412398922,396.95227810484755,"{""blue_kill"": 278, ""blue_safety_violation"": 3, ""collision"": 11, ""not_done"": 9, ""red_kill"": 70}",{},"{""0->0"": 12, ""0->1"": 19, ""0->2"": 22, ""0->3"": 20, ""0->4"": 48, ""0->5"": 49, ""0->6"": 28, ""0->7"": 26, ""1->0"": 17, ""1->1"": 45, ""1->2"": 59, ""1->3"": 42, ""1->4"": 156, ""1->5"": 277, ""1->6"": 130, ""1->7"": 71, ""2->0"": 16, ""2->1"": 48, ""2->2"": 90, ""2->3"": 78, ""2->4"": 175, ""2->5"": 302, ""2->6"": 156, ""2->7"": 172, ""3->0"": 30, ""3->1"": 61, ""3->2"": 70, ""3->3"": 75, ""3->4"": 201, ""3->5"": 425, ""3->6"": 192, ""3->7"": 102, ""4->0"": 36, ""4->1"": 138, ""4->2"": 190, ""4->3"": 230, ""4->4"": 1454, ""4->5"": 3220, ""4->6"": 922, ""4->7"": 915, ""5->0"": 55, ""5->1"": 277, ""5->2"": 292, ""5->3"": 409, ""5->4"": 3254, ""5->5"": 19935, ""5->6"": 2598, ""5->7"": 1691, ""6->0"": 29, ""6->1"": 133, ""6->2"": 139, ""6->3"": 193, ""6->4"": 919, ""6->5"": 2576, ""6->6"": 1339, ""6->7"": 418, ""7->0"": 29, ""7->1"": 84, ""7->2"": 182, ""7->3"": 113, ""7->4"": 924, ""7->5"": 1645, ""7->6"": 403, ""7->7"": 1749}"
3,ppo_shield,0,eval,50,27,2,21,0.75,0.6299750026036243,0.8700249973963757,0.005392211152472784,2.189250104570429,12.42,786.811311662603,9.564657344210444,47.70662155652173,45.143030387339735,0.0,0.0,179.32,1155.6951398919546,"{""blue_kill"": 27, ""collision"": 14, ""not_done"": 7, ""red_kill"": 2}",{},"{""7->7"": 8916}"
3,ppo_shield,0,train,445,394,38,13,0.9,0.8721261267673693,0.9278738732326307,0.022959909273645634,2.0233592575715384,12.748314606741573,491.3495746186578,9.446690850754978,58.43830070128465,99.4935104367083,0.003396811458529081,0.4966292134831461,112.6876404494382,422.5158350213391,"{""blue_kill"": 394, ""blue_safety_violation"": 1, ""collision"": 6, ""not_done"": 7, ""red_kill"": 37}","{""altitude_floor_climb"": 2, ""opponent_WEZ_escape"": 219}","{""0->0"": 32, ""0->1"": 18, ""0->2"": 25, ""0->3"": 51, ""0->4"": 249, ""0->5"": 84, ""0->6"": 38, ""0->7"": 55, ""1->0"": 28, ""1->1"": 17, ""1->2"": 17, ""1->3"": 25, ""1->4"": 108, ""1->5"": 50, ""1->6"": 23, ""1->7"": 19, ""2->0"": 18, ""2->1"": 17, ""2->2"": 20, ""2->3"": 17, ""2->4"": 124, ""2->5"": 55, ""2->6"": 29, ""2->7"": 41, ""3->0"": 30, ""3->1"": 18, ""3->2"": 25, ""3->3"": 29, ""3->4"": 259, ""3->5"": 111, ""3->6"": 44, ""3->7"": 68, ""4->0"": 260, ""4->1"": 120, ""4->2"": 115, ""4->3"": 272, ""4->4"": 13907, ""4->5"": 4887, ""4->6"": 276, ""4->7"": 2018, ""5->0"": 81, ""5->1"": 48, ""5->2"": 55, ""5->3"": 82, ""5->4"": 4893, ""5->5"": 9384, ""5->6"": 172, ""5->7"": 2655, ""6->0"": 36, ""6->1"": 18, ""6->2"": 26, ""6->3"": 58, ""6->4"": 262, ""6->5"": 165, ""6->6"": 185, ""6->7"": 96, ""7->0"": 62, ""7->1"": 32, ""7->2"": 36, ""7->3"": 48, ""7->4"": 2005, ""7->5"": 2632, ""7->6"": 108, ""7->7"": 2963}"
3,ppo_shield,1,eval,50,0,2,48,0.48,0.34151798961597934,0.6184820103840206,0.00047017543859649124,2.5078337102869184,12.74,1078.1093957829173,8.267919079561365,70.78468218399124,82.99483323057011,0.0,0.0,299.5,860.0692306552833,"{""not_done"": 48, ""red_kill"": 2}",{},"{""6->6"": 14925}"
3,ppo_shield,1,train,221,53,87,81,0.4230769230769231,0.35793980216570254,0.4882140439881436,0.004016272333759629,2.0248246512492205,12.7420814479638,869.9235291251429,8.522689180834806,75.19120411721032,86.03723027076013,0.007223870762642083,1.1357466063348416,226.49321266968326,509.2824798205411,"{""blue_kill"": 53, ""blue_safety_violation"": 1, ""collision"": 2, ""not_done"": 79, ""red_kill"": 86}","{""altitude_floor_climb"": 2, ""low_altitude_maneuver_veto"": 2, ""opponent_WEZ_escape"": 247}","{""0->0"": 32, ""0->1"": 46, ""0->2"": 32, ""0->3"": 36, ""0->4"": 23, ""0->5"": 133, ""0->6"": 240, ""0->7"": 24, ""1->0"": 39, ""1->1"": 88, ""1->2"": 32, ""1->3"": 63, ""1->4"": 59, ""1->5"": 176, ""1->6"": 242, ""1->7"": 38, ""2->0"": 28, ""2->1"": 34, ""2->2"": 15, ""2->3"": 29, ""2->4"": 30, ""2->5"": 93, ""2->6"": 163, ""2->7"": 22, ""3->0"": 32, ""3->1"": 54, ""3->2"": 39, ""3->3"": 75, ""3->4"": 45, ""3->5"": 337, ""3->6"": 675, ""3->7"": 39, ""4->0"": 29, ""4->1"": 46, ""4->2"": 20, ""4->3"": 46, ""4->4"": 26, ""4->5"": 176, ""4->6"": 225, ""4->7"": 26, ""5->0"": 131, ""5->1"": 173, ""5->2"": 91, ""5->3"": 318, ""5->4"": 180, ""5->5"": 3596, ""5->6"": 5056, ""5->7"": 118, ""6->0"": 246, ""6->1"": 254, ""6->2"": 160, ""6->3"": 692, ""6->4"": 213, ""6->5"": 5061, ""6->6"": 29219, ""6->7"": 215, ""7->0"": 29, ""7->1"": 40, ""7->2"": 24, ""7->3"": 35, ""7->4"": 24, ""7->5"": 114, ""7->6"": 214, ""7->7"": 24}"
3,ppo_shield,2,eval,50,0,1,49,0.49,0.3514347922456723,0.6285652077543277,0.0002,2.5971341263418757,12.54,1080.5747195125662,8.209736198542341,70.35190887408511,93.56647455808702,0.0,0.0,299.88,889.0509159983827,"{""not_done"": 49, ""red_kill"": 1}",{},"{""6->6"": 14944}"
3,ppo_shield,2,train,394,343,23,28,0.9060913705583756,0.8772877747014983,0.9348949664152529,0.023566623284896518,2.0789990216453007,12.565989847715736,551.0349374221545,9.367564384415735,57.79701675303638,107.99109096411404,0.0021398966964588186,0.3248730964467005,127.40862944162437,520.431195716863,"{""blue_kill"": 343, ""collision"": 1, ""not_done"": 27, ""red_kill"": 23}","{""altitude_floor_climb"": 1, ""low_altitude_maneuver_veto"": 5, ""opponent_WEZ_escape"": 122}","{""0->0"": 10, ""0->1"": 13, ""0->2"": 13, ""0->3"": 17, ""0->4"": 128, ""0->5"": 18, ""0->6"": 34, ""0->7"": 27, ""1->0"": 12, ""1->1"": 30, ""1->2"": 23, ""1->3"": 24, ""1->4"": 203, ""1->5"": 52, ""1->6"": 77, ""1->7"": 55, ""2->0"": 11, ""2->1"": 14, ""2->2"": 19, ""2->3"": 23, ""2->4"": 169, ""2->5"": 20, ""2->6"": 61, ""2->7"": 42, ""3->0"": 19, ""3->1"": 30, ""3->2"": 11, ""3->3"": 34, ""3->4"": 295, ""3->5"": 54, ""3->6"": 99, ""3->7"": 95, ""4->0"": 118, ""4->1"": 219, ""4->2"": 157, ""4->3"": 314, ""4->4"": 26275, ""4->5"": 564, ""4->6"": 2920, ""4->7"": 2931, ""5->0"": 20, ""5->1"": 38, ""5->2"": 19, ""5->3"": 44, ""5->4"": 590, ""5->5"": 48, ""5->6"": 169, ""5->7"": 100, ""6->0"": 39, ""6->1"": 71, ""6->2"": 69, ""6->3"": 117, ""6->4"": 2897, ""6->5"": 163, ""6->6"": 4643, ""6->7"": 540, ""7->0"": 33, ""7->1"": 60, ""7->2"": 50, ""7->3"": 68, ""7->4"": 2918, ""7->5"": 113, ""7->6"": 519, ""7->7"": 1247}"
5,ppo,0,eval,50,50,0,0,1.0,1.0,1.0,0.026020694224260354,2.838034673743382,12.38,347.04976456921213,9.430559571883983,59.40568817137985,94.00837415615167,0.0,0.0,85.52,292.0778667480146,"{""blue_kill"": 50}",{},"{""5->5"": 4226}"
5,ppo,0,train,602,452,145,5,0.7549833887043189,0.7206256724742599,0.7893411049343779,0.025549386833364756,3.1391456935346227,12.822259136212624,335.5082172280105,9.330278582922478,60.814238359793364,127.11975950043505,0.0,0.0,83.08637873754152,225.3673672545591,"{""blue_kill"": 452, ""collision"": 4, ""not_done"": 1, ""red_kill"": 145}",{},"{""0->0"": 14, ""0->1"": 18, ""0->2"": 60, ""0->3"": 41, ""0->4"": 38, ""0->5"": 108, ""0->6"": 60, ""0->7"": 35, ""1->0"": 31, ""1->1"": 35, ""1->2"": 93, ""1->3"": 67, ""1->4"": 35, ""1->5"": 169, ""1->6"": 55, ""1->7"": 72, ""2->0"": 50, ""2->1"": 115, ""2->2"": 441, ""2->3"": 153, ""2->4"": 69, ""2->5"": 503, ""2->6"": 188, ""2->7"": 225, ""3->0"": 37, ""3->1"": 55, ""3->2"": 147, ""3->3"": 92, ""3->4"": 45, ""3->5"": 226, ""3->6"": 75, ""3->7"": 105, ""4->0"": 32, ""4->1"": 31, ""4->2"": 81, ""4->3"": 44, ""4->4"": 1076, ""4->5"": 756, ""4->6"": 410, ""4->7"": 80, ""5->0"": 109, ""5->1"": 172, ""5->2"": 513, ""5->3"": 207, ""5->4"": 782, ""5->5"": 30744, ""5->6"": 2216, ""5->7"": 1299, ""6->0"": 61, ""6->1"": 42, ""6->2"": 168, ""6->3"": 84, ""6->4"": 375, ""6->5"": 2265, ""6->6"": 1575, ""6->7"": 221, ""7->0"": 44, ""7->1"": 86, ""7->2"": 247, ""7->3"": 86, ""7->4"": 75, ""7->5"": 1290, ""7->6"": 216, ""7->7"": 572}"
5,ppo,1,eval,50,50,0,0,1.0,1.0,1.0,0.02470772402960121,2.6637463235093053,12.72,347.1512222772176,9.3843880104118,59.092743804843465,95.21025102761631,0.0,0.0,86.12,292.39879777572054,"{""blue_kill"": 50}",{},"{""5->5"": 4256}"
5,ppo,1,train,620,469,128,23,0.775,0.7421298007307531,0.807870199269247,0.025653551080208458,3.2350775741396567,12.562903225806451,336.8178439459126,9.375033577060943,57.03286460582322,107.16871618930247,0.0,0.0,80.66935483870968,249.52032639546053,"{""blue_kill"": 469, ""collision"": 23, ""red_kill"": 128}",{},"{""0->0"": 7, ""0->1"": 3, ""0->2"": 13, ""0->3"": 5, ""0->4"": 3, ""0->5"": 75, ""0->6"": 24, ""0->7"": 14, ""1->0"": 4, ""1->1"": 12, ""1->2"": 14, ""1->3"": 7, ""1->4"": 8, ""1->5"": 97, ""1->6"": 37, ""1->7"": 38, ""2->0"": 14, ""2->1"": 11, ""2->2"": 47, ""2->3"": 10, ""2->4"": 11, ""2->5"": 467, ""2->6"": 61, ""2->7"": 48, ""3->0"": 4, ""3->1"": 7, ""3->2"": 16, ""3->3"": 5, ""3->4"": 4, ""3->5"": 52, ""3->6"": 26, ""3->7"": 7, ""4->0"": 5, ""4->1"": 7, ""4->2"": 18, ""4->3"": 6, ""4->4"": 1, ""4->5"": 73, ""4->6"": 15, ""4->7"": 15, ""5->0"": 55, ""5->1"": 103, ""5->2"": 472, ""5->3"": 61, ""5->4"": 81, ""5->5"": 30166, ""5->6"": 341, ""5->7"": 3515, ""6->0"": 28, ""6->1"": 36, ""6->2"": 46, ""6->3"": 15, ""6->4"": 17, ""6->5"": 332, ""6->6"": 214, ""6->7"": 366, ""7->0"": 26, ""7->1"": 37, ""7->2"": 50, ""7->3"": 12, ""7->4"": 16, ""7->5"": 3506, ""7->6"": 338, ""7->7"": 8271}"
5,ppo,2,eval,50,19,24,7,0.45,0.3121017766611912,0.5878982233388088,0.0055079442758040175,3.39655671189153,12.48,457.4594278319571,9.54382411105509,53.51854298085843,48.177005558673955,0.0,0.0,102.44,401.6932645143919,"{""blue_kill"": 19, ""collision"": 7, ""red_kill"": 24}",{},"{""7->7"": 5072}"
5,ppo,2,train,770,496,208,66,0.687012987012987,0.6542595906439997,0.7197663833819742,0.03072586788601062,3.289775988973822,12.503896103896103,284.2356861081332,9.43083661008446,49.82642667892282,121.85406717927202,0.0,0.0,64.93766233766233,232.0879517693477,"{""blue_kill"": 496, ""collision"": 66, ""red_kill"": 208}",{},"{""0->0"": 18, ""0->1"": 7, ""0->2"": 9, ""0->3"": 7, ""0->4"": 124, ""0->5"": 13, ""0->6"": 13, ""0->7"": 199, ""1->0"": 7, ""1->1"": 9, ""1->2"": 12, ""1->3"": 7, ""1->4"": 37, ""1->5"": 9, ""1->6"": 14, ""1->7"": 29, ""2->0"": 16, ""2->1"": 13, ""2->2"": 27, ""2->3"": 13, ""2->4"": 223, ""2->5"": 20, ""2->6"": 22, ""2->7"": 184, ""3->0"": 14, ""3->1"": 7, ""3->2"": 11, ""3->3"": 18, ""3->4"": 105, ""3->5"": 9, ""3->6"": 17, ""3->7"": 66, ""4->0"": 125, ""4->1"": 30, ""4->2"": 216, ""4->3"": 91, ""4->4"": 5908, ""4->5"": 218, ""4->6"": 254, ""4->7"": 5610, ""5->0"": 15, ""5->1"": 7, ""5->2"": 18, ""5->3"": 14, ""5->4"": 205, ""5->5"": 27, ""5->6"": 28, ""5->7"": 437, ""6->0"": 14, ""6->1"": 9, ""6->2"": 22, ""6->3"": 24, ""6->4"": 230, ""6->5"": 28, ""6->6"": 30, ""6->7"": 296, ""7->0"": 188, ""7->1"": 40, ""7->2"": 205, ""7->3"": 70, ""7->4"": 5623, ""7->5"": 440, ""7->6"": 281, ""7->7"": 27250}"
5,ppo_shield,0,eval,50,8,14,28,0.44,0.3024085584056915,0.5775914415943085,0.0025458215003179175,4.263006612187548,12.64,969.4969969808091,8.205858207431097,69.23084261679341,99.99908391119624,0.0,0.0,270.1,768.0237847457495,"{""blue_kill"": 8, ""not_done"": 28, ""red_kill"": 14}",{},"{""6->6"": 13455}"
5,ppo_shield,0,train,814,622,171,21,0.777027027027027,0.7484321624810277,0.8056218915730262,0.04206178908726869,3.3780003635864486,12.64004914004914,252.27334108594027,9.462713995145597,50.19555018758056,178.71323766715508,0.00519009918101968,0.5773955773955773,61.54914004914005,203.7161958345981,"{""blue_kill"": 622, ""collision"": 19, ""not_done"": 2, ""red_kill"": 171}","{""altitude_floor_climb"": 4, ""low_altitude_maneuver_veto"": 13, ""opponent_WEZ_escape"": 453}","{""0->0"": 196, ""0->1"": 28, ""0->2"": 57, ""0->3"": 29, ""0->4"": 212, ""0->5"": 8, ""0->6"": 21, ""0->7"": 70, ""1->0"": 36, ""1->1"": 36, ""1->2"": 47, ""1->3"": 26, ""1->4"": 215, ""1->5"": 10, ""1->6"": 19, ""1->7"": 105, ""2->0"": 53, ""2->1"": 54, ""2->2"": 745, ""2->3"": 47, ""2->4"": 773, ""2->5"": 46, ""2->6"": 64, ""2->7"": 837, ""3->0"": 20, ""3->1"": 22, ""3->2"": 58, ""3->3"": 38, ""3->4"": 112, ""3->5"": 26, ""3->6"": 21, ""3->7"": 88, ""4->0"": 212, ""4->1"": 198, ""4->2"": 745, ""4->3"": 115, ""4->4"": 18797, ""4->5"": 307, ""4->6"": 770, ""4->7"": 4365, ""5->0"": 10, ""5->1"": 17, ""5->2"": 44, ""5->3"": 22, ""5->4"": 279, ""5->5"": 17, ""5->6"": 33, ""5->7"": 129, ""6->0"": 15, ""6->1"": 23, ""6->2"": 58, ""6->3"": 17, ""6->4"": 737, ""6->5"": 35, ""6->6"": 3751, ""6->7"": 382, ""7->0"": 79, ""7->1"": 114, ""7->2"": 862, ""7->3"": 83, ""7->4"": 4325, ""7->5"": 109, ""7->6"": 415, ""7->7"": 8103}"
5,ppo_shield,1,eval,50,18,20,12,0.48,0.34151798961597934,0.6184820103840206,0.005326059934272202,3.486868713357636,12.38,442.77806834101045,9.429752404111056,50.125238616163784,55.3724966414842,0.0007660607697366612,0.06,100.28,424.4115364109907,"{""blue_kill"": 18, ""collision"": 12, ""red_kill"": 20}","{""opponent_WEZ_escape"": 3}","{""1->1"": 8, ""1->7"": 6, ""6->7"": 3, ""7->1"": 6, ""7->6"": 3, ""7->7"": 4938}"
5,ppo_shield,1,train,772,473,252,47,0.6431347150259067,0.6093398630248987,0.6769295670269146,0.03231267069473559,3.3716782312211335,12.566062176165802,271.4814616691332,9.274328216416498,52.21796626206869,153.53129997358624,0.002950671940295073,0.3639896373056995,64.77849740932642,167.69296780221669,"{""blue_kill"": 473, ""collision"": 46, ""not_done"": 1, ""red_kill"": 252}","{""opponent_WEZ_escape"": 281}","{""0->0"": 21, ""0->1"": 67, ""0->2"": 28, ""0->3"": 12, ""0->4"": 121, ""0->5"": 39, ""0->6"": 44, ""0->7"": 143, ""1->0"": 46, ""1->1"": 438, ""1->2"": 30, ""1->3"": 44, ""1->4"": 468, ""1->5"": 165, ""1->6"": 167, ""1->7"": 1940, ""2->0"": 24, ""2->1"": 35, ""2->2"": 18, ""2->3"": 12, ""2->4"": 57, ""2->5"": 30, ""2->6"": 21, ""2->7"": 49, ""3->0"": 12, ""3->1"": 25, ""3->2"": 17, ""3->3"": 13, ""3->4"": 55, ""3->5"": 29, ""3->6"": 32, ""3->7"": 76, ""4->0"": 113, ""4->1"": 505, ""4->2"": 51, ""4->3"": 46, ""4->4"": 12585, ""4->5"": 1282, ""4->6"": 822, ""4->7"": 3153, ""5->0"": 47, ""5->1"": 154, ""5->2"": 22, ""5->3"": 25, ""5->4"": 1308, ""5->5"": 434, ""5->6"": 205, ""5->7"": 660, ""6->0"": 45, ""6->1"": 153, ""6->2"": 29, ""6->3"": 29, ""6->4"": 785, ""6->5"": 206, ""6->6"": 389, ""6->7"": 464, ""7->0"": 167, ""7->1"": 1924, ""7->2"": 50, ""7->3"": 76, ""7->4"": 3257, ""7->5"": 652, ""7->6"": 446, ""7->7"": 14875}"
5,ppo_shield,2,eval,50,49,1,0,0.98,0.9411939798484823,1.0,0.026966103685728795,2.7792117293668976,12.58,338.86148174921703,9.536498543960969,58.07217065787388,106.92037507054701,0.0,0.0,83.36,285.4909721045187,"{""blue_kill"": 49, ""red_kill"": 1}",{},"{""5->5"": 4118}"
5,ppo_shield,2,train,598,561,36,1,0.9389632107023411,0.9197753919313342,0.9581510294733481,0.02632805036493101,2.9247336861038917,12.603678929765886,339.50433485305666,9.410193488342024,59.491500003573776,104.56281310465185,0.000881734563724089,0.08193979933110368,83.69063545150502,271.0453422404383,"{""blue_kill"": 561, ""collision"": 1, ""red_kill"": 36}","{""opponent_WEZ_escape"": 49}","{""0->0"": 16, ""0->1"": 9, ""0->2"": 13, ""0->3"": 7, ""0->4"": 30, ""0->5"": 58, ""0->6"": 30, ""0->7"": 13, ""1->0"": 11, ""1->1"": 17, ""1->2"": 10, ""1->3"": 3, ""1->4"": 13, ""1->5"": 192, ""1->6"": 18, ""1->7"": 10, ""2->0"": 16, ""2->1"": 11, ""2->2"": 20, ""2->3"": 10, ""2->4"": 26, ""2->5"": 47, ""2->6"": 29, ""2->7"": 15, ""3->0"": 11, ""3->1"": 5, ""3->2"": 6, ""3->3"": 7, ""3->4"": 22, ""3->5"": 111, ""3->6"": 29, ""3->7"": 11, ""4->0"": 27, ""4->1"": 16, ""4->2"": 18, ""4->3"": 18, ""4->4"": 64, ""4->5"": 593, ""4->6"": 59, ""4->7"": 19, ""5->0"": 56, ""5->1"": 185, ""5->2"": 60, ""5->3"": 113, ""5->4"": 600, ""5->5"": 45825, ""5->6"": 146, ""5->7"": 145, ""6->0"": 32, ""6->1"": 12, ""6->2"": 27, ""6->3"": 35, ""6->4"": 48, ""6->5"": 135, ""6->6"": 125, ""6->7"": 24, ""7->0"": 7, ""7->1"": 14, ""7->2"": 19, ""7->3"": 8, ""7->4"": 20, ""7->5"": 151, ""7->6"": 16, ""7->7"": 6}"
